<?xml version="1.0" encoding="UTF-8"?>
<beans xmlns="http://www.springframework.org/schema/beans"
    xmlns:xsi="http://www.w3.org/2001/XMLSchema-instance"
    xmlns:lang="http://www.springframework.org/schema/lang"
    xmlns:aop="http://www.springframework.org/schema/aop"
    xsi:schemaLocation="http://www.springframework.org/schema/beans http://www.springframework.org/schema/beans/spring-beans-2.0.xsd
                           http://www.springframework.org/schema/lang http://www.springframework.org/schema/lang/spring-lang-2.0.xsd">
    
    
    <!-- Class for Methods which can be invoked by the client -->
    <bean id="flvrecorderservice.service" class="org.openmeetings.app.remote.FLVRecorderService" />
    
    <bean id="openmeetings.TaskExecutor" class="org.springframework.scheduling.concurrent.ThreadPoolTaskExecutor">
        <property name="corePoolSize" value="5" />
        <property name="maxPoolSize" value="10" />
        <property name="queueCapacity" value="25" />
    </bean>
    
    <bean id="openmeetings.FlvRecorderConverterTask" class="org.openmeetings.app.data.flvrecord.converter.FlvRecorderConverterTask">
        <constructor-arg type="org.springframework.core.task.TaskExecutor" ref="openmeetings.TaskExecutor" />
        <constructor-arg type="org.openmeetings.app.data.flvrecord.converter.FlvRecorderConverter" ref="openmeetings.FlvRecorderConverter"/>
    </bean>   
    
    <bean id="openmeetings.FlvInterviewConverterTask" class="org.openmeetings.app.data.flvrecord.converter.FlvInterviewConverterTask">
        <constructor-arg type="org.springframework.core.task.TaskExecutor" ref="openmeetings.TaskExecutor" />
        <constructor-arg type="org.openmeetings.app.data.flvrecord.converter.FlvInterviewConverter" ref="openmeetings.FlvInterviewConverter"/>
    </bean>
    
    <bean id="openmeetings.FlvInterviewReConverterTask" class="org.openmeetings.app.data.flvrecord.converter.FlvInterviewReConverterTask">
        <constructor-arg type="org.springframework.core.task.TaskExecutor" ref="openmeetings.TaskExecutor" />
        <constructor-arg type="org.openmeetings.app.data.flvrecord.converter.FlvInterviewReConverter" ref="openmeetings.FlvInterviewReConverter"/>
    </bean> 
    
    <bean id="openmeetings.FlvInterviewConverter" class="org.openmeetings.app.data.flvrecord.converter.FlvInterviewConverter" />
    <bean id="openmeetings.FlvRecorderConverter" class="org.openmeetings.app.data.flvrecord.converter.FlvRecorderConverter" />
    <bean id="openmeetings.FlvInterviewReConverter" class="org.openmeetings.app.data.flvrecord.converter.FlvInterviewReConverter" />
      
</beans>
