<linked-list>
  <linked-list>
    <string>angry.swf</string>
    <string>&gt;:O</string>
	<string>    </string>
	<string>y</string>
  </linked-list>
  <linked-list>
    <string>beer.swf</string>
    <string>(beer)</string>
	<string>           </string>
	<string>n</string>
  </linked-list>
  <linked-list>
    <string>box.swf</string>
    <string>(box)</string>
	<string>                </string>
	<string>n</string>
  </linked-list>
  <linked-list>
    <string>bye.swf</string>
    <string>(bye)</string>
	<string>      </string>
	<string>y</string>
  </linked-list>
  <linked-list>
    <string>cool.swf</string>
    <string>B)</string>
	<string>    </string>
	<string>y</string>
  </linked-list>
  <linked-list>
    <string>crazy.swf</string>
    <string>(c)</string>
    <string>(@_@)</string>
	<string>    </string>  
	<string>y</string>
  </linked-list>
  <linked-list>
    <string>cry.swf</string>
    <string>:,-(</string>
    <string>(T_T)</string>
	<string>       </string>
	<string>n</string>
  </linked-list>
  <linked-list>
    <string>dance.swf</string>
    <string>(dance)</string>
    <string>(&gt;")&gt;</string>
	<string>       </string>  
	<string>n</string>
  </linked-list>
  <linked-list>
    <string>diablo.swf</string>
    <string>(diablo)</string>
	<string>         </string>
	<string>n</string>
  </linked-list>
  <linked-list>
    <string>evil.swf</string>
    <string>&gt;:(</string>
    <string>(\_/)</string>
	<string>    </string>
	<string>y</string>
  </linked-list>
  <linked-list>
    <string>good.swf</string>
    <string>(good)</string>
	<string>      </string>
	<string>y</string>
  </linked-list>
  <linked-list>
    <string>guns.swf</string>
    <string>(guns)</string>
	<string>        </string>
	<string>n</string>
  </linked-list>
  <linked-list>
    <string>happy.swf</string>
    <string>(happy)</string>
	<string>        </string>
	<string>n</string>
  </linked-list>
  <linked-list>
    <string>heart.swf</string>
    <string>(heart)</string>
	<string>    </string>
	<string>n</string>
  </linked-list>
  <linked-list>
    <string>help.swf</string>
    <string>(help)</string>
	<string>       </string>
	<string>n</string>
  </linked-list>
  <linked-list>
    <string>hmmm.swf</string>
    <string>(think)</string>
	<string>    </string>
	<string>y</string>
  </linked-list>
  <linked-list>
    <string>idea.swf</string>
    <string>(idea)</string>
	<string>    </string>
	<string>y</string>
  </linked-list>
  <linked-list>
    <string>love.swf</string>
    <string>(love)</string>
	<string>    </string>
	<string>n</string>
  </linked-list>
  <linked-list>
    <string>mml.swf</string>
    <string>XD</string>
	<string>      </string>
	<string>n</string>
  </linked-list>
  <linked-list>
    <string>music.swf</string>
    <string>(music)</string>
	<string>      </string>
	<string>n</string>
  </linked-list>
  <linked-list>
    <string>no.swf</string>
    <string>(no)</string>
	<string>    </string>
	<string>y</string>
  </linked-list>
  <linked-list>
    <string>noexpression.swf</string>
    <string>:-|</string>
    <string>(-_-)</string>
	<string>     </string>
	<string>y</string>
  </linked-list>
  <linked-list>
    <string>activate.swf</string>
    <string>(activate)</string>
	<string>                </string>
	<string>n</string>
  </linked-list>
  <linked-list>
    <string>rofl.swf</string>
    <string>(rofl)</string>
	<string>        </string>
	<string>n</string>
  </linked-list>
  <linked-list>
    <string>rolleyes.swf</string>
    <string>S-)</string>
    <string>(9_9)</string>
	<string>    </string>
	<string>y</string>
  </linked-list>
  <linked-list>
    <string>sad.swf</string>
    <string>:(</string>
	<string>    </string>
	<string>y</string>
  </linked-list>
  <linked-list>
    <string>sex.swf</string>
    <string>(sex)</string>
	<string>         </string>
	<string>n</string>
  </linked-list>
  <linked-list>
    <string>sick.swf</string>
    <string>(sick)</string>
	<string>    </string>
	<string>n</string>
  </linked-list>
  <linked-list>
    <string>sleeping.swf</string>
    <string>(sleep)</string>
    <string>(-_-)</string>
	<string>    </string>
	<string>y</string>
  </linked-list>
  <linked-list>
    <string>smartass.swf</string>
    <string>(clever)</string>
	<string>     </string>
	<string>y</string>
  </linked-list>
  <linked-list>
    <string>smile.swf</string>
    <string>:)</string>
    <string>(^_^)</string>
	<string>    </string>
	<string>y</string>
  </linked-list>
  <linked-list>
    <string>sorry.swf</string>
    <string>(sorry)</string>
	<string>     </string>
	<string>n</string>
  </linked-list>
  <linked-list>
    <string>tease.swf</string>
    <string>(tease)</string>
	<string>         </string>
	<string>n</string>
  </linked-list>
  <linked-list>
    <string>thumbsdown.swf</string>
    <string>(bad)</string>
	<string>       </string>
	<string>n</string>
  </linked-list>
  <linked-list>
    <string>wall.swf</string>
    <string>(wall)</string>
	<string>        </string>
	<string>n</string>
  </linked-list>
  <linked-list>
    <string>whistle.swf</string>
    <string>(whistle)</string>
	<string>       </string>
	<string>n</string>
  </linked-list>
  <linked-list>
    <string>wink.swf</string>
    <string>;)</string>
    <string>(`_^)</string>
	<string>    </string>
	<string>y</string>
  </linked-list>
  <linked-list>
    <string>yahoo.swf</string>
    <string>(yeah)</string>
	<string>         </string>
	<string>n</string>
  </linked-list>
  <linked-list>
    <string>yawn.swf</string>
    <string>(tired)</string>
	<string>    </string>
	<string>y</string>
  </linked-list>
  <linked-list>
    <string>yes.swf</string>
    <string>(yes)</string>
	<string>    </string>
	<string>y</string>
  </linked-list>
</linked-list>
