<?xml version="1.0" encoding="UTF-8"?>
<presentation><originalDocument lastmod="1185461814000" size="240233">Tutorat.pdf</originalDocument><swfDocument lastmod="1185461814000" size="240233">Tutorat.swf</swfDocument><thumbs><thumb lastmod="1185461813000" size="3998">_thumb_pages-000.jpg</thumb><thumb lastmod="1185461813000" size="3855">_thumb_pages-001.jpg</thumb><thumb lastmod="1185461813000" size="4306">_thumb_pages-002.jpg</thumb><thumb lastmod="1185461813000" size="3747">_thumb_pages-003.jpg</thumb><thumb lastmod="1185461813000" size="3162">_thumb_pages-004.jpg</thumb><thumb lastmod="1185461813000" size="3232">_thumb_pages-005.jpg</thumb><thumb lastmod="1185461813000" size="2981">_thumb_pages-006.jpg</thumb><thumb lastmod="1185461813000" size="3126">_thumb_pages-007.jpg</thumb><thumb lastmod="1185461813000" size="4457">_thumb_pages-008.jpg</thumb><thumb lastmod="1185461813000" size="4264">_thumb_pages-009.jpg</thumb><thumb lastmod="1185461813000" size="4263">_thumb_pages-010.jpg</thumb><thumb lastmod="1185461813000" size="3770">_thumb_pages-011.jpg</thumb><thumb lastmod="1185461813000" size="3354">_thumb_pages-012.jpg</thumb><thumb lastmod="1185461813000" size="3006">_thumb_pages-013.jpg</thumb><thumb lastmod="1185461813000" size="3972">_thumb_pages-014.jpg</thumb><thumb lastmod="1185461813000" size="4353">_thumb_pages-015.jpg</thumb><thumb lastmod="1185461813000" size="4184">_thumb_pages-016.jpg</thumb><thumb lastmod="1185461813000" size="4021">_thumb_pages-017.jpg</thumb><thumb lastmod="1185461813000" size="3225">_thumb_pages-018.jpg</thumb><thumb lastmod="1185461813000" size="3847">_thumb_pages-019.jpg</thumb><thumb lastmod="1185461813000" size="3046">_thumb_pages-020.jpg</thumb><thumb lastmod="1185461813000" size="2633">_thumb_pages-021.jpg</thumb><thumb lastmod="1185461813000" size="4001">_thumb_pages-022.jpg</thumb><thumb lastmod="1185461813000" size="4243">_thumb_pages-023.jpg</thumb></thumbs></presentation>